[{"name":"Alvhi","email":"abb@aiub.edu","mobilenumber":"01554323560","address":"Bashundhara, Dhaka, Bangladesh","username":"alvhi","password":"1234567","gender":"Male","dob":"2022-07-05","profilepicpath":"profilepic\/1.jpg"},{"name":"Jack","email":"ajack@gmail.com","mobilenumber":"01789999321","address":"Uttara, Dhaka, Bangladesh ","username":"jack","password":"jack12@","gender":"Male","dob":"2022-07-25","profilepicpath":"profilepic\/1.jpg"},{"name":"Messi","email":"messi@gmail.com","mobilenumber":"01952227865","address":"Mirpur, Dhaka, Bangladesh","username":"messi","password":"messi34@","gender":"Male","dob":"2021-06-22","profilepicpath":"profilepic\/1.jpg"},{"name":"abc","email":"abc@gmail.com","mobilenumber":"01999999999","username":"abc","gender":"Male","dob":"2022-11-06","password":"01234"},{"name":"sakib","email":"sakib@gmail.com","mobilenumber":"01999999999","username":"sakib","gender":"Male","dob":"2022-11-08","password":"12345"},{"name":"tamim","email":"tamim@gmail.com","mobilenumber":"01999999999","username":"tamim","gender":"Male","dob":"2022-11-15","password":"123456789"},{"name":"rubel","email":"rubel@gmail.com","mobilenumber":"01999999999","username":"rubel","gender":"Male","dob":"2007-07-11","password":"1234"}]