[{"name":"Priyam Das","email":"priyamdas.aiub@gmail.com","username":"priyam","password":"12345","gender":"Male","dob":"2000-01-29","profilepicpath":"uploaded folder\/1667679762.jpg"},{"name":"abcd","email":"abc@gmail.com","username":"abc","password":"123","gender":"Male","dob":"2022-11-07","profilepicpath":"uploaded folder\/1667672476.jpg"},{"name":"abc","email":"abc@gmail.com","mobilenumber":"01999999999","username":"abc","gender":"Male","dob":"2022-11-06","password":"01234"},{"name":"abcd","email":"abc@gmail.com","username":"abc","gender":"Male","dob":"2022-11-07","password":"12345"},{"name":"Priyam Das","email":"priyamdas.aiub@gmail.com","username":"Priyam","password":"12345","gender":"Male","dob":"2001-01-29","profilepicpath":"uploaded folder\/1667710036.jpg"}]